Model,Val_Macro_F1
LightGBM,0.573439460711155
XGBoost,0.5656728063041544
LogisticRegression,0.5494800638186392
RandomForest,0.535621728943737
